office,conferenceRoom,hallway,auditorium,openspace,lobby,lounge,pantry,copyRoom,storage,WC
0.028847402,0.061886042,0.112955876,0.038189385,0.0324054,0.063312314,0.08145518,0.08702019,0.21066347,0.06982996,0.21343477
0.012389543,0.060409863,0.17389984,0.018074052,0.006973788,0.042289626,0.032676376,0.063363135,0.10837452,0.055061813,0.42648742
0.017956868,0.05857107,0.5645115,0.005961019,0.0015923339,0.016217427,0.0075466316,0.01753063,0.010066307,0.046569888,0.2534763
0.009794067,0.03546355,0.67613965,0.0026353435,0.00055694877,0.009410939,0.0020717764,0.00391178,0.0026404127,0.032407016,0.22496845
0.0053004497,0.02858692,0.70349675,0.0013769047,0.00014646084,0.0055963625,0.00041836902,0.0017708999,0.0006921649,0.02569879,0.22691591
0.0032385725,0.026025541,0.70041275,0.00084906654,5.716665e-05,0.0037642445,0.000101150006,0.0010525844,0.00024936217,0.02350867,0.24074095
