office,conferenceRoom,hallway,auditorium,openspace,lobby,lounge,pantry,copyRoom,storage,WC
0.028847402,0.061886042,0.112955876,0.038189385,0.0324054,0.063312314,0.08145518,0.08702019,0.21066347,0.06982996,0.21343477
0.012389543,0.060409863,0.17389984,0.018074052,0.006973788,0.042289626,0.032676376,0.063363135,0.10837452,0.055061813,0.42648742
0.083384216,0.067475334,0.27729806,0.04167215,0.06843519,0.05416055,0.18251075,0.08916307,0.029086951,0.047401637,0.059412125
0.12037349,0.031160347,0.24044997,0.03668103,0.121672004,0.08215792,0.24961956,0.023471868,0.014371421,0.05292724,0.027115189
0.17527929,0.028620614,0.12490109,0.035031054,0.17384307,0.1540227,0.22082488,0.0026051924,0.0020121846,0.072689824,0.0101701645
