office,conferenceRoom,hallway,auditorium,openspace,lobby,lounge,pantry,copyRoom,storage,WC
0.028847402,0.061886042,0.112955876,0.038189385,0.0324054,0.063312314,0.08145518,0.08702019,0.21066347,0.06982996,0.21343477
0.012389543,0.060409863,0.17389984,0.018074052,0.006973788,0.042289626,0.032676376,0.063363135,0.10837452,0.055061813,0.42648742
0.0042503625,0.06648883,0.6977756,0.034399364,0.00054670486,0.0024978048,0.00014524597,0.012972086,0.0002559663,0.08467235,0.09599565
0.00046124135,0.04129382,0.70944,0.07628749,4.194893e-05,0.0004996627,4.906752e-06,0.004561093,1.1702466e-05,0.081159905,0.0862382
3.691657e-05,0.044711128,0.41009465,0.29993585,9.085529e-06,0.00019173384,4.1941445e-07,0.004680212,1.3045553e-06,0.08402432,0.15631427
7.649582e-07,0.019091988,0.043562826,0.75532216,1.2595598e-06,2.8744076e-05,2.5866235e-08,0.0041877083,1.9969063e-07,0.033487003,0.14431718
